{
    "timestamp": "2026-03-22 11:23:12",
    "dataset": "UNSW-NB15",
    "model": "fedpcnn",
    "partition": "non-iid",
    "alpha": 0.5,
    "classification": "multi",
    "metrics": {
        "Accuracy": 80.58794993693607,
        "Precision": 85.28419290254344,
        "Recall": 80.58794993693607,
        "F1-Score": 81.85924796679835,
        "Macro-Precision": 59.85098966723241,
        "Macro-Recall": 69.73873509820025,
        "Macro-F1": 62.39407305676872,
        "FAR": 6.574535456772954
    },
    "params": {
        "num_devices": 10,
        "global_rounds": 60,
        "local_epochs": 5,
        "batch_size": 256,
        "lr": 0.005,
        "classifier": "CNN+XGBoost(门限=0.30)",
        "normal_threshold": 0.3,
        "threshold_start": 0.26,
        "threshold_end": 0.34,
        "threshold_step": 0.005,
        "threshold_lambda": 5.0,
        "exp_tag": "base60_bohb_fine",
        "pretrained_model_path": "./results/models/FedPCNN_UNSW-NB15_non-iid_multi_base60_model.pt",
        "bohb_best_params": {
            "n_estimators": 145,
            "max_depth": 8,
            "learning_rate": 0.1446504066107025,
            "subsample": 0.8054549617551995,
            "colsample_bytree": 0.7039918830643546,
            "min_child_weight": 6,
            "gamma": 0.6257083288885382,
            "reg_alpha": 0.5819468919452753,
            "reg_lambda": 0.024915807012636793
        },
        "bohb_best_cv_f1": 60.91
    }
}