{
    "timestamp": "2026-03-22 11:47:50",
    "dataset": "UNSW-NB15",
    "model": "fedpcnn",
    "partition": "non-iid",
    "alpha": 0.5,
    "classification": "multi",
    "metrics": {
        "Accuracy": 80.58018822159697,
        "Precision": 85.12581714214976,
        "Recall": 80.58018822159697,
        "F1-Score": 81.81424813341009,
        "Macro-Precision": 60.11605422184516,
        "Macro-Recall": 68.2044065614135,
        "Macro-F1": 61.91663293982157,
        "FAR": 6.3251835237540215
    },
    "params": {
        "num_devices": 10,
        "global_rounds": 60,
        "local_epochs": 5,
        "batch_size": 256,
        "lr": 0.005,
        "classifier": "CNN+XGBoost(门限=0.29)",
        "normal_threshold": 0.285,
        "threshold_start": 0.26,
        "threshold_end": 0.34,
        "threshold_step": 0.005,
        "threshold_lambda": 5.0,
        "exp_tag": "base60_bohb60_fine",
        "pretrained_model_path": "./results/models/FedPCNN_UNSW-NB15_non-iid_multi_base60_model.pt",
        "bohb_best_params": {
            "n_estimators": 189,
            "max_depth": 8,
            "learning_rate": 0.09605266805798604,
            "subsample": 0.6708475831209393,
            "colsample_bytree": 0.5057993146070927,
            "min_child_weight": 1,
            "gamma": 0.021039532319094396,
            "reg_alpha": 0.06304951484758202,
            "reg_lambda": 0.0012761913870533977
        },
        "bohb_best_cv_f1": 61.38
    }
}