{
    "timestamp": "2026-03-21 23:56:21",
    "dataset": "UNSW-NB15",
    "model": "fedpcnn",
    "partition": "non-iid",
    "alpha": 0.5,
    "classification": "multi",
    "metrics": {
        "Accuracy": 79.00844086543127,
        "Precision": 86.22812503222812,
        "Recall": 79.00844086543127,
        "F1-Score": 81.11546733437788,
        "Macro-Precision": 58.13996848626064,
        "Macro-Recall": 74.02853733523597,
        "Macro-F1": 60.642042162351075,
        "FAR": 7.412741943645923
    },
    "params": {
        "num_devices": 10,
        "global_rounds": 60,
        "local_epochs": 5,
        "batch_size": 256,
        "lr": 0.005,
        "classifier": "CNN+XGBoost(门限=0.30)",
        "exp_tag": "base60"
    }
}