{
    "timestamp": "2026-03-22 14:22:26",
    "dataset": "UNSW-NB15",
    "model": "fedpcnn",
    "partition": "non-iid",
    "alpha": 0.5,
    "classification": "multi",
    "metrics": {
        "Accuracy": 80.690792665179,
        "Precision": 85.20693553400699,
        "Recall": 80.690792665179,
        "F1-Score": 81.88161260303124,
        "Macro-Precision": 59.94448092896189,
        "Macro-Recall": 69.56028404986728,
        "Macro-F1": 62.37384556711583,
        "FAR": 6.307313933766576
    },
    "params": {
        "num_devices": 10,
        "global_rounds": 60,
        "local_epochs": 5,
        "batch_size": 256,
        "lr": 0.005,
        "classifier": "CNN+XGBoost(门限=0.28)",
        "normal_threshold": 0.28,
        "threshold_start": 0.28,
        "threshold_end": 0.28,
        "threshold_step": 0.005,
        "threshold_lambda": 5.0,
        "bohb_cv_folds": 3,
        "exp_tag": "base60_bohb_thr0280",
        "pretrained_model_path": "./results/models/FedPCNN_UNSW-NB15_non-iid_multi_base60_model.pt",
        "bohb_best_params": {
            "n_estimators": 145,
            "max_depth": 8,
            "learning_rate": 0.1446504066107025,
            "subsample": 0.8054549617551995,
            "colsample_bytree": 0.7039918830643546,
            "min_child_weight": 6,
            "gamma": 0.6257083288885382,
            "reg_alpha": 0.5819468919452753,
            "reg_lambda": 0.024915807012636793
        },
        "bohb_best_cv_f1": 60.91
    }
}